{
  "meta_title": "",
  "meta_description": "",
  "sections": [
    {
      "type": "banner-slider",
      "autoplay": 9000,
      "full_width": false,
      "slides": [
        {
          "start": "",
          "end": "",
          "img": "/img/uploads/copia-de-economize-com-combos-promocional-1-.png",
          "link": "https://bodystoresuplementos.com.br/saldao-"
        },
        {
          "img": "/img/uploads/economize-com-combos-promocional-4.png",
          "link": "/combos-promocionais",
          "alt": "Headset banner",
          "start": "",
          "end": ""
        },
        {
          "start": "",
          "end": "",
          "img": "/img/uploads/emagreca-ja-1920-700-px.png",
          "link": "https://bodystoresuplementos.com.br/termogenico"
        }
      ]
    },
    {
      "type": "info-bar",
      "enabled": true
    },
    {
      "type": "collection-shelf",
      "shuffle": false,
      "limit": "",
      "page": "",
      "collection_id": "632f09f573321213f88b7150:categories:SALDÃO $:/saldao-",
      "sort": "lowest_price",
      "link": "https://bodystoresuplementos.com.br/saldao-",
      "title": "$ BLACK $"
    },
    {
      "type": "collection-shelf",
      "shuffle": false,
      "collection_id": "62c86105eb859112167dc4a5:categories:COMBOS PROMOCIONAIS:/combos-promocionais",
      "sort": "sales",
      "title": "COMBOS PROMOCIONAIS",
      "limit": "",
      "page": ""
    },
    {
      "type": "collection-shelf",
      "shuffle": false,
      "collection_id": "6234cbba2e405e04ffe8236c:categories:PROTEÍNAS:/proteinas",
      "sort": "sales",
      "title": "PROTEÍNAS",
      "limit": "",
      "page": ""
    },
    {
      "type": "collection-shelf",
      "shuffle": false,
      "collection_id": "62b5b584eb8591121663e7ad:categories:PRÉ TREINOS:/pre-treinos",
      "sort": "sales",
      "title": "PRÉ TREINOS",
      "limit": "",
      "page": ""
    },
    {
      "type": "collection-shelf",
      "shuffle": false,
      "collection_id": "6234946a2e405e04ffe75dae:categories:CREATINAS:/creatinas",
      "sort": "sales",
      "title": "CREATINAS",
      "limit": "",
      "page": ""
    },
    {
      "type": "collection-shelf",
      "shuffle": false,
      "collection_id": "62b5b43eeb8591121663e525:categories:EMAGRECEDORES:/termogenico",
      "sort": "sales",
      "title": "EMAGRECEDORES",
      "limit": "",
      "page": ""
    },
    {
      "type": "collection-shelf",
      "shuffle": false,
      "collection_id": "62c43748eb859112167642b3:categories:HIPERCALÓRICOS:/hipercaloricos",
      "sort": "sales",
      "title": "HIPERCALÓRICOS",
      "limit": "",
      "page": ""
    },
    {
      "type": "breadcrumbs",
      "enabled": true
    }
  ]
}