{
  "exchange": {
    "show": false,
    "text": ""
  },
  "installments": {
    "show": true,
    "text": "PARCELE EM ATÉ 6X SEM JUROS!",
    "link": "https://www.bodystoresuplementos.com.br/pages/pagamentos"
  },
  "promo": {
    "show": true,
    "text": "COMBOS PROMOCIONAIS!",
    "link": "https://www.bodystoresuplementos.com.br/combos-promocionais"
  },
  "shipping": {
    "show": true,
    "text": "ENVIAMOS PARA TODO ALTO OESTE POTIGUAR!",
    "link": "https://www.bodystoresuplementos.com.br/pages/entrega"
  }
}